﻿{
	"name": "EcoLibrary",
	"version": "1.0.0.0",
	"description": "Eco Library for nexacro platform",
	"license": "",
	"scripts": [
        "EcoLibrary/Namespace.js",
        "EcoLibrary/Eco.js",
        "EcoLibrary/array.js",
        "EcoLibrary/date.js",
        "EcoLibrary/number.js",
        "EcoLibrary/string.js",
        "EcoLibrary/object.js",
        "EcoLibrary/Style.js",
        "EcoLibrary/Logger.js",
        "EcoLibrary/Color.js",
        "EcoLibrary/XComp.js",
        "EcoLibrary/PositionSize.js",
        "EcoLibrary/Json.js",
        "EcoLibrary/Event.js",
        "EcoLibrary/LocalStorage.js",
        "EcoLibrary/Factory.js",
        "EcoLibrary/util.js"
	]
}
//@ sourceURL=EcoLibrary.json