﻿{
  "name": "Graphics",
  "version": "17.0.0.1",
  "description": "Graphics",
  "license": "http://www.nexacro.co.kr/legal/nexacrochart-public-license-readme-1.0.html",
  "scripts": [
    "Graphics/Graphics.js"
  ],
  "objInfo": [
    "Graphics/metainfo/Graphics.info",
    "Graphics/metainfo/GraphicsObject.info",
    "Graphics/metainfo/GraphicsGroup.info",
    "Graphics/metainfo/GraphicsShape.info",
    "Graphics/metainfo/GraphicsRect.info",
    "Graphics/metainfo/GraphicsEllipse.info",
    "Graphics/metainfo/GraphicsImage.info",
    "Graphics/metainfo/GraphicsText.info",
    "Graphics/metainfo/GraphicsLine.info",
    "Graphics/metainfo/GraphicsPath.info",
    "Graphics/metainfo/GraphicsPaths.info"
  ],
  "designscripts": [
    "Graphics/Design/DesignGraphics.js"
  ]
 
}
