﻿{
  "name": "Framework",
  "version": "17.1.0.101",
  "description": "nexacro platform 17 Unified Framework Library",
  "license": "",
  "scripts": [
    "SystemBase.js",
    "SystemBase_HTML5.js",
    "SystemBase_Runtime.js",
    "BasicObjs.js",
    "ErrorDefine.js",
    "Platform_HTML5.js",
    "Platform_Runtime.js",
    "Platform.js",
    "CssObjs.js",
    "Device.js",
    "Device_Android.js",
    "Device_Windows.js",
    "Device_iOS.js"
  ],
  "objInfo": [
    "metainfo/nexacroAPI.info",
    "metainfo/EnumInfo.info",
    "metainfo/UnitInfo.info",
    "metainfo/RefreshInfo.info",
    "metainfo/Environment.info",
    "metainfo/Screen.info",
    "metainfo/Application.info",
    "metainfo/Tray.info",
    "metainfo/TrayPopupMenu.info",
    "metainfo/Point.info",
    "metainfo/Rect.info",
    "metainfo/Size.info",
    "metainfo/EventObject.info",
    "metainfo/UserEvent.info",
    "metainfo/Crypto.info",
    "metainfo/System.info",
    "metainfo/Decimal.info",
    "metainfo/Image.info",
    "metainfo/ErrorEventInfo.info",
    "metainfo/EventInfo.info",
    "metainfo/ExitEventInfo.info",
    "metainfo/NotificationEventInfo.info",
    "metainfo/TimerEventInfo.info",
    "metainfo/DuplicateExecutionEventInfo.info"
  ]
}

