﻿<?xml version="1.0" encoding="utf-8"?>
<AppVariables version="2.0">
  <Datasets>
    <Dataset id="gds_Menu" useclientlayout="true">
      <ColumnInfo>
        <Column id="MenuID" type="INT" size="256"/>
        <Column id="MenuCode" type="STRING" size="256"/>
        <Column id="MenuName" type="STRING" size="256"/>
        <Column id="MenuLevel" type="STRING" size="256"/>
        <Column id="MenuGroup" type="STRING" size="256"/>
        <Column id="MenuSub" type="STRING" size="256"/>
        <Column id="MenuSeq" type="STRING" size="256"/>
        <Column id="FormCode" type="STRING" size="256"/>
        <Column id="MenuURL" type="STRING" size="256"/>
        <Column id="MenuDescr" type="STRING" size="256"/>
        <Column id="isLeaf" type="STRING" size="256"/>
        <Column id="isDUP" type="STRING" size="256"/>
        <Column id="isUseMobile" type="STRING" size="256"/>
        <Column id="isUse" type="STRING" size="256"/>
        <Column id="ProfileCode" type="STRING" size="256"/>
        <Column id="ProfileName" type="STRING" size="256"/>
        <Column id="FormStartUpCode" type="STRING" size="256"/>
        <Column id="DB_NM" type="STRING" size="256"/>
      </ColumnInfo>
      <Rows>
        <Row>
          <Col id="MenuCode">NewMenu3</Col>
          <Col id="MenuName">File</Col>
          <Col id="MenuLevel">0</Col>
          <Col id="MenuDescr"/>
          <Col id="MenuID">1</Col>
          <Col id="isLeaf">N</Col>
        </Row>
        <Row>
          <Col id="MenuCode">NewMenu24</Col>
          <Col id="MenuName">NewMenu24</Col>
          <Col id="MenuLevel">1</Col>
          <Col id="MenuDescr"/>
          <Col id="MenuID">2</Col>
          <Col id="isLeaf">Y</Col>
          <Col id="MenuURL">Basis::Template.xfdl</Col>
        </Row>
        <Row>
          <Col id="MenuCode">NewMenu25</Col>
          <Col id="MenuName">NewMenu25</Col>
          <Col id="MenuLevel">1</Col>
          <Col id="MenuDescr"/>
          <Col id="MenuID">3</Col>
          <Col id="isLeaf">Y</Col>
          <Col id="MenuURL">Basis::Template.xfdl</Col>
        </Row>
        <Row>
          <Col id="MenuCode">download</Col>
          <Col id="MenuName">Download</Col>
          <Col id="MenuLevel">1</Col>
          <Col id="MenuDescr"/>
          <Col id="MenuID">4</Col>
          <Col id="MenuURL">Basis::Template.xfdl</Col>
        </Row>
        <Row>
          <Col id="MenuCode">print</Col>
          <Col id="MenuName">Print</Col>
          <Col id="MenuLevel">1</Col>
          <Col id="MenuDescr"/>
          <Col id="MenuURL">Basis::Template.xfdl</Col>
        </Row>
        <Row>
          <Col id="MenuCode">exit</Col>
          <Col id="MenuName">Exit</Col>
          <Col id="MenuLevel">1</Col>
          <Col id="MenuDescr"/>
          <Col id="MenuURL">Basis::Template.xfdl</Col>
        </Row>
        <Row>
          <Col id="MenuCode">Master</Col>
          <Col id="MenuName">Basic Data</Col>
          <Col id="MenuLevel">0</Col>
          <Col id="MenuDescr"/>
          <Col id="MenuURL">Basis::Template.xfdl</Col>
          <Col id="isLeaf">N</Col>
        </Row>
        <Row>
          <Col id="MenuCode">Code</Col>
          <Col id="MenuName">Control Code</Col>
          <Col id="MenuLevel">1</Col>
          <Col id="MenuDescr"/>
        </Row>
      </Rows>
    </Dataset>
    <Dataset id="gds_Logon" useclientlayout="true">
      <ColumnInfo>
        <Column id="UserCode" type="STRING" size="256"/>
        <Column id="passWord" type="STRING" size="256"/>
        <Column id="ret" type="STRING" size="256"/>
        <Column id="msg" type="STRING" size="256"/>
        <Column id="CDTYP" type="STRING" size="256"/>
      </ColumnInfo>
    </Dataset>
    <Dataset id="gds_User" useclientlayout="true">
      <ColumnInfo>
        <Column id="USER_ID" type="STRING" size="256"/>
        <Column id="USER_NM" type="STRING" size="256"/>
        <Column id="USER_PWD" type="STRING" size="256"/>
        <Column id="CERTIFY_DIV" type="STRING" size="256"/>
        <Column id="CENTER_CD" type="STRING" size="256"/>
        <Column id="BU_CD" type="STRING" size="256"/>
        <Column id="CUST_CD" type="STRING" size="256"/>
        <Column id="VENDOR_CD" type="STRING" size="256"/>
        <Column id="CARRIER_CD" type="STRING" size="256"/>
        <Column id="SYS_LANG" type="STRING" size="256"/>
        <Column id="CENTER_NM" type="STRING" size="256"/>
        <Column id="BU_NM" type="STRING" size="256"/>
        <Column id="CUST_NM" type="STRING" size="256"/>
        <Column id="VENDOR_NM" type="STRING" size="256"/>
        <Column id="CARRIER_NM" type="STRING" size="256"/>
        <Column id="LOGIN_DATE" type="STRING" size="256"/>
        <Column id="LOGIN_DATETIME" type="STRING" size="256"/>
        <Column id="LINE_GROUP_CD" type="STRING" size="256"/>
        <Column id="BRAND_CD" type="STRING" size="256"/>
        <Column id="BRAND_NM" type="STRING" size="256"/>
        <Column id="SEWING_COUNT_YN" type="STRING" size="256"/>
        <Column id="SYS_CODE" type="STRING" size="256"/>
        <Column id="EHR_YN" type="STRING" size="256"/>
        <Column id="GW_ID" type="STRING" size="256"/>
        <Column id="ADMIN_YN" type="STRING" size="256"/>
      </ColumnInfo>
    </Dataset>
    <Dataset id="gds_OpenMenu" useclientlayout="true">
      <ColumnInfo>
        <Column id="FORM_ID" type="STRING" size="256"/>
        <Column id="MenuCode" type="STRING" size="256"/>
        <Column id="MenuName" type="STRING" size="256"/>
        <Column id="MenuURL" type="STRING" size="256"/>
        <Column id="DupCount" type="INT" size="256"/>
      </ColumnInfo>
    </Dataset>
    <Dataset id="gds_UserGridSet" useclientlayout="true">
      <ColumnInfo>
        <Column id="FormCode" type="STRING" size="256"/>
        <Column id="GridID" type="STRING" size="256"/>
        <Column id="UserCode" type="STRING" size="256"/>
        <Column id="xmlString" type="STRING" size="9999"/>
      </ColumnInfo>
    </Dataset>
    <Dataset id="gds_MsgSet" useclientlayout="true">
      <ColumnInfo>
        <Column id="idx" type="STRING" size="256"/>
        <Column id="EnMsg" type="STRING" size="256"/>
        <Column id="KoMsg" type="STRING" size="256"/>
        <Column id="Remark" type="STRING" size="256"/>
        <Column id="SaveUser" type="STRING" size="256"/>
        <Column id="SaveDate" type="STRING" size="256"/>
        <Column id="UpdateUser" type="STRING" size="256"/>
        <Column id="SpName" type="STRING" size="256"/>
        <Column id="EO_Trace" type="STRING" size="256"/>
      </ColumnInfo>
    </Dataset>
    <Dataset id="gds_UserGridSetOut" useclientlayout="true">
      <ColumnInfo>
        <Column id="FormCode" type="STRING" size="256"/>
        <Column id="GridCode" type="STRING" size="256"/>
        <Column id="UserCode" type="STRING" size="256"/>
        <Column id="xmlString" type="STRING" size="9999"/>
      </ColumnInfo>
    </Dataset>
    <Dataset id="gds_gridPopupMenu" useclientlayout="true">
      <ColumnInfo>
        <Column id="id" type="STRING" size="256"/>
        <Column id="level" type="STRING" size="256"/>
        <Column id="caption" type="STRING" size="256"/>
        <Column id="captionEN" type="STRING" size="256"/>
        <Column id="enable" type="STRING" size="256"/>
        <Column id="userData" type="STRING" size="256"/>
        <Column id="upmenu" type="STRING" size="256"/>
      </ColumnInfo>
      <Rows>
        <Row>
          <Col id="id">shapefix</Col>
          <Col id="level">0</Col>
          <Col id="caption">틀고정</Col>
          <Col id="enable">false</Col>
          <Col id="userData">0</Col>
          <Col id="captionEN">shape fix</Col>
        </Row>
        <Row>
          <Col id="id">colfix</Col>
          <Col id="level">1</Col>
          <Col id="caption">열고정</Col>
          <Col id="enable">false</Col>
          <Col id="userData">0</Col>
          <Col id="upmenu">shapefix</Col>
          <Col id="captionEN">column fix</Col>
        </Row>
        <Row>
          <Col id="id">colfixfree</Col>
          <Col id="level">1</Col>
          <Col id="caption">열고정해제</Col>
          <Col id="enable">false</Col>
          <Col id="userData">0</Col>
          <Col id="upmenu">shapefix</Col>
          <Col id="captionEN">column fix free</Col>
        </Row>
        <Row>
          <Col id="id">rowfix</Col>
          <Col id="level">1</Col>
          <Col id="caption">행고정</Col>
          <Col id="enable">false</Col>
          <Col id="userData">0</Col>
          <Col id="upmenu">shapefix</Col>
          <Col id="captionEN">row fix</Col>
        </Row>
        <Row>
          <Col id="id">rowfixfree</Col>
          <Col id="level">1</Col>
          <Col id="caption">행고정해제</Col>
          <Col id="enable">false</Col>
          <Col id="userData">0</Col>
          <Col id="upmenu">shapefix</Col>
          <Col id="captionEN">row fix free</Col>
        </Row>
        <Row>
          <Col id="caption">-</Col>
          <Col id="enable">false</Col>
          <Col id="userData">0</Col>
          <Col id="level">0</Col>
          <Col id="captionEN">-</Col>
        </Row>
        <Row>
          <Col id="id">filter</Col>
          <Col id="level">0</Col>
          <Col id="caption">그리드필터</Col>
          <Col id="enable">false</Col>
          <Col id="userData">0</Col>
          <Col id="captionEN">grid filter</Col>
        </Row>
        <Row>
          <Col id="id">filterfree</Col>
          <Col id="level">0</Col>
          <Col id="caption">그리드필터 해제</Col>
          <Col id="enable">false</Col>
          <Col id="userData">0</Col>
          <Col id="captionEN">grid filter free</Col>
        </Row>
        <Row>
          <Col id="level">0</Col>
          <Col id="caption">-</Col>
          <Col id="enable">false</Col>
          <Col id="userData">0</Col>
          <Col id="captionEN">-</Col>
        </Row>
        <Row>
          <Col id="id">replace</Col>
          <Col id="level">0</Col>
          <Col id="caption">찾기/바꾸기</Col>
          <Col id="enable">false</Col>
          <Col id="userData">0</Col>
          <Col id="captionEN">find/replace</Col>
        </Row>
        <Row>
          <Col id="id">colhide</Col>
          <Col id="level">0</Col>
          <Col id="caption">컬럼 숨기기/보이기</Col>
          <Col id="enable">false</Col>
          <Col id="userData">0</Col>
          <Col id="captionEN">column show/hide</Col>
        </Row>
        <Row>
          <Col id="level">0</Col>
          <Col id="caption">-</Col>
          <Col id="enable">false</Col>
          <Col id="userData">0</Col>
          <Col id="captionEN">-</Col>
        </Row>
        <Row>
          <Col id="id">excel</Col>
          <Col id="level">0</Col>
          <Col id="caption">엑셀</Col>
          <Col id="enable">false</Col>
          <Col id="userData">0</Col>
          <Col id="captionEN">excel</Col>
        </Row>
        <Row>
          <Col id="id">export</Col>
          <Col id="level">1</Col>
          <Col id="caption">내보내기</Col>
          <Col id="enable">false</Col>
          <Col id="userData">0</Col>
          <Col id="upmenu">excel</Col>
          <Col id="captionEN">export</Col>
        </Row>
        <Row>
          <Col id="id">import</Col>
          <Col id="level">1</Col>
          <Col id="caption">가져오기</Col>
          <Col id="enable">false</Col>
          <Col id="userData">0</Col>
          <Col id="upmenu">excel</Col>
          <Col id="captionEN">import</Col>
        </Row>
        <Row>
          <Col id="level">0</Col>
          <Col id="caption">-</Col>
          <Col id="enable">false</Col>
          <Col id="userData">0</Col>
          <Col id="captionEN">-</Col>
        </Row>
        <Row>
          <Col id="id">personal</Col>
          <Col id="level">0</Col>
          <Col id="caption">현재포맷저장</Col>
          <Col id="enable">false</Col>
          <Col id="userData">0</Col>
          <Col id="captionEN">saving current format</Col>
        </Row>
        <Row>
          <Col id="id">initial</Col>
          <Col id="level">0</Col>
          <Col id="caption">초기상태로</Col>
          <Col id="enable">false</Col>
          <Col id="userData">0</Col>
          <Col id="captionEN">initialization</Col>
        </Row>
        <Row>
          <Col id="level">0</Col>
          <Col id="caption">-</Col>
          <Col id="enable">false</Col>
          <Col id="userData">0</Col>
          <Col id="captionEN">-</Col>
        </Row>
        <Row>
          <Col id="id">subsum</Col>
          <Col id="level">0</Col>
          <Col id="caption">부분합</Col>
          <Col id="captionEN">sub-sum</Col>
          <Col id="enable">false</Col>
          <Col id="userData">0</Col>
        </Row>
      </Rows>
    </Dataset>
    <Dataset id="gds_CommCode" useclientlayout="true">
      <ColumnInfo>
        <Column id="CODE_CD" type="STRING" size="256"/>
        <Column id="CODE_CD_F" type="STRING" size="256"/>
        <Column id="CODE_NM" type="STRING" size="256"/>
        <Column id="CODE_CD_FULL_F" type="STRING" size="256"/>
      </ColumnInfo>
    </Dataset>
    <Dataset id="gds_gridPersonal" useclientlayout="true">
      <ColumnInfo>
        <Column id="sFormatId" type="STRING" size="256"/>
        <Column id="sFormat" type="STRING" size="2147483647"/>
        <Column id="sOrgFormat" type="STRING" size="2147483647"/>
      </ColumnInfo>
    </Dataset>
    <Dataset id="gds_word" useclientlayout="false">
      <ColumnInfo>
        <Column id="WORD_ID" type="STRING" size="256"/>
        <Column id="WORD_NAME" type="STRING" size="256"/>
        <Column id="KR" type="STRING" size="256"/>
        <Column id="EN" type="STRING" size="256"/>
      </ColumnInfo>
      <Rows>
        <Row>
          <Col id="WORD_ID">comp.static</Col>
        </Row>
        <Row>
          <Col id="WORD_ID">comp.check</Col>
        </Row>
        <Row>
          <Col id="WORD_ID">comp.button</Col>
        </Row>
        <Row>
          <Col id="WORD_ID">comp.box</Col>
        </Row>
        <Row>
          <Col id="WORD_ID">comp.combo</Col>
        </Row>
        <Row>
          <Col id="WORD_ID">comp.calendar</Col>
        </Row>
        <Row>
          <Col id="WORD_ID">comp.webbrowser</Col>
        </Row>
        <Row>
          <Col id="WORD_ID">comp.image</Col>
        </Row>
        <Row>
          <Col id="WORD_ID">comp.popup</Col>
        </Row>
        <Row>
          <Col id="WORD_ID">comp.radio</Col>
        </Row>
        <Row>
          <Col id="WORD_ID">comp.number</Col>
        </Row>
        <Row>
          <Col id="WORD_ID">comp.text</Col>
        </Row>
        <Row>
          <Col id="WORD_ID">comp.test</Col>
        </Row>
        <Row>
          <Col id="WORD_ID">comp.textmode</Col>
        </Row>
        <Row>
          <Col id="WORD_ID">frame.menu</Col>
        </Row>
        <Row>
          <Col id="WORD_ID">frame.favorites</Col>
        </Row>
        <Row>
          <Col id="WORD_ID">frame.searchMenu</Col>
        </Row>
        <Row>
          <Col id="WORD_ID">frame.searchMenu.button</Col>
        </Row>
        <Row>
          <Col id="WORD_ID">frame.logOut</Col>
        </Row>
        <Row>
          <Col id="WORD_ID">cmm.no</Col>
        </Row>
        <Row>
          <Col id="WORD_ID">cmm.status</Col>
        </Row>
        <Row>
          <Col id="WORD_ID">cmm.checkbox</Col>
        </Row>
        <Row>
          <Col id="WORD_ID">popup.notice</Col>
        </Row>
        <Row>
          <Col id="WORD_ID">popup.confirm</Col>
        </Row>
        <Row>
          <Col id="WORD_ID">popup.ok</Col>
        </Row>
        <Row>
          <Col id="WORD_ID">popup.close</Col>
        </Row>
        <Row>
          <Col id="WORD_ID">popup.cancel</Col>
        </Row>
        <Row>
          <Col id="WORD_ID">popup.periodselect</Col>
        </Row>
        <Row>
          <Col id="WORD_ID">popup.monthselect</Col>
        </Row>
        <Row>
          <Col id="WORD_ID">popup.dataselect</Col>
        </Row>
        <Row>
          <Col id="WORD_ID">popup.columnselect</Col>
        </Row>
        <Row>
          <Col id="WORD_ID">popup.modal</Col>
        </Row>
        <Row>
          <Col id="WORD_ID">popup.columnname</Col>
        </Row>
        <Row>
          <Col id="WORD_ID">popup.filtercriteria</Col>
        </Row>
        <Row>
          <Col id="WORD_ID">popup.findcondition</Col>
        </Row>
        <Row>
          <Col id="WORD_ID">popup.datafiltersetting</Col>
        </Row>
        <Row>
          <Col id="WORD_ID">popup.apply</Col>
        </Row>
        <Row>
          <Col id="WORD_ID">popup.datafindreplace</Col>
        </Row>
        <Row>
          <Col id="WORD_ID">popup.targetcolumn</Col>
        </Row>
        <Row>
          <Col id="WORD_ID">popup.findstring</Col>
        </Row>
        <Row>
          <Col id="WORD_ID">popup.replacestring</Col>
        </Row>
        <Row>
          <Col id="WORD_ID">popup.finddirection</Col>
        </Row>
        <Row>
          <Col id="WORD_ID">popup.findposition</Col>
        </Row>
        <Row>
          <Col id="WORD_ID">popup.find</Col>
        </Row>
        <Row>
          <Col id="WORD_ID">popup.replace</Col>
        </Row>
        <Row>
          <Col id="WORD_ID">popup.allchange</Col>
        </Row>
        <Row>
          <Col id="WORD_ID">popup.casesensitive</Col>
        </Row>
        <Row>
          <Col id="WORD_ID">popup.colshwohide</Col>
        </Row>
        <Row>
          <Col id="WORD_ID">popup.subsum</Col>
        </Row>
        <Row>
          <Col id="WORD_ID">search</Col>
        </Row>
        <Row>
          <Col id="WORD_ID">insert</Col>
          <Col id="WORD_NAME">입력</Col>
          <Col id="KR">입력</Col>
          <Col id="EN">INSERT</Col>
        </Row>
        <Row>
          <Col id="WORD_ID">delete</Col>
          <Col id="WORD_NAME">삭제</Col>
          <Col id="KR">삭제</Col>
          <Col id="EN">DELETE</Col>
        </Row>
        <Row>
          <Col id="WORD_ID">modify</Col>
          <Col id="WORD_NAME">수정</Col>
          <Col id="KR">수정</Col>
          <Col id="EN">UPDATE</Col>
        </Row>
        <Row>
          <Col id="WORD_ID">save</Col>
        </Row>
        <Row>
          <Col id="WORD_ID">print</Col>
        </Row>
        <Row>
          <Col id="WORD_ID">excel</Col>
        </Row>
        <Row>
          <Col id="WORD_ID">employee</Col>
        </Row>
        <Row>
          <Col id="WORD_ID">department</Col>
        </Row>
        <Row>
          <Col id="WORD_ID">company</Col>
        </Row>
        <Row>
          <Col id="WORD_ID">user</Col>
        </Row>
        <Row>
          <Col id="WORD_ID">user.jumin</Col>
        </Row>
        <Row>
          <Col id="WORD_ID">user.id</Col>
        </Row>
        <Row>
          <Col id="WORD_ID">designation</Col>
        </Row>
        <Row>
          <Col id="WORD_ID">useflg</Col>
        </Row>
        <Row>
          <Col id="WORD_ID">reguser</Col>
        </Row>
        <Row>
          <Col id="WORD_ID">description</Col>
        </Row>
        <Row>
          <Col id="WORD_ID">date.start</Col>
        </Row>
        <Row>
          <Col id="WORD_ID">date.end</Col>
        </Row>
        <Row>
          <Col id="WORD_ID">value.max</Col>
        </Row>
        <Row>
          <Col id="WORD_ID">value.interest</Col>
        </Row>
        <Row>
          <Col id="WORD_ID">value.1st</Col>
        </Row>
        <Row>
          <Col id="WORD_ID">value.2nd</Col>
        </Row>
        <Row>
          <Col id="WORD_ID">register</Col>
        </Row>
        <Row>
          <Col id="WORD_ID">info</Col>
        </Row>
        <Row>
          <Col id="WORD_ID">word</Col>
        </Row>
        <Row>
          <Col id="WORD_ID">dictionary</Col>
        </Row>
        <Row>
          <Col id="WORD_ID">nation</Col>
        </Row>
        <Row>
          <Col id="WORD_ID">language</Col>
        </Row>
        <Row>
          <Col id="WORD_ID">select</Col>
        </Row>
        <Row>
          <Col id="WORD_ID">initialize</Col>
        </Row>
        <Row>
          <Col id="WORD_ID">tab1</Col>
        </Row>
        <Row>
          <Col id="WORD_ID">tab2</Col>
        </Row>
        <Row>
          <Col id="WORD_ID">korean</Col>
        </Row>
        <Row>
          <Col id="WORD_ID">english</Col>
        </Row>
        <Row>
          <Col id="WORD_ID">sort</Col>
        </Row>
        <Row>
          <Col id="WORD_ID">colfix</Col>
        </Row>
        <Row>
          <Col id="WORD_ID">rowfix</Col>
        </Row>
        <Row>
          <Col id="WORD_ID">excel</Col>
        </Row>
        <Row>
          <Col id="WORD_ID">basicfunction</Col>
        </Row>
        <Row>
          <Col id="WORD_ID">complicatedgrid</Col>
        </Row>
        <Row>
          <Col id="WORD_ID">gridpersonal</Col>
        </Row>
        <Row>
          <Col id="WORD_ID">listcount</Col>
        </Row>
        <Row>
          <Col id="WORD_ID">etorangers</Col>
        </Row>
        <Row>
          <Col id="WORD_ID">sunday</Col>
        </Row>
        <Row>
          <Col id="WORD_ID">monday</Col>
        </Row>
        <Row>
          <Col id="WORD_ID">tuesday</Col>
        </Row>
        <Row>
          <Col id="WORD_ID">wednesday</Col>
        </Row>
        <Row>
          <Col id="WORD_ID">thursday</Col>
        </Row>
        <Row>
          <Col id="WORD_ID">friday</Col>
        </Row>
        <Row>
          <Col id="WORD_ID">saturday</Col>
        </Row>
        <Row>
          <Col id="WORD_ID">mon</Col>
        </Row>
        <Row>
          <Col id="WORD_ID">tue</Col>
        </Row>
        <Row>
          <Col id="WORD_ID">wed</Col>
        </Row>
        <Row>
          <Col id="WORD_ID">thu</Col>
        </Row>
        <Row>
          <Col id="WORD_ID">fri</Col>
        </Row>
        <Row>
          <Col id="WORD_ID">sat</Col>
        </Row>
        <Row>
          <Col id="WORD_ID">sun</Col>
        </Row>
        <Row>
          <Col id="WORD_ID">week</Col>
        </Row>
        <Row>
          <Col id="WORD_ID">emp.name</Col>
        </Row>
        <Row>
          <Col id="WORD_ID">emp.id</Col>
        </Row>
        <Row>
          <Col id="WORD_ID">POList</Col>
          <Col id="WORD_NAME">대상리스트</Col>
        </Row>
        <Row>
          <Col id="WORD_ID">StaticSalesOrder</Col>
          <Col id="WORD_NAME">판매오더</Col>
        </Row>
        <Row>
          <Col id="WORD_ID">PR_MENGE</Col>
          <Col id="WORD_NAME">그리드테</Col>
        </Row>
      </Rows>
    </Dataset>
    <Dataset id="gds_QmeLogonInfo" useclientlayout="true">
      <ColumnInfo>
        <Column id="p_user_id" type="STRING" size="256"/>
        <Column id="p_code_grp" type="STRING" size="256"/>
        <Column id="p_code_cd" type="STRING" size="256"/>
        <Column id="p_sub_cd1" type="STRING" size="256"/>
        <Column id="p_sub_cd2" type="STRING" size="256"/>
        <Column id="p_sub_cd3" type="STRING" size="256"/>
        <Column id="p_sub_cd4" type="STRING" size="256"/>
      </ColumnInfo>
    </Dataset>
    <Dataset id="gds_CommCodeIn" useclientlayout="true">
      <ColumnInfo>
        <Column id="p_code_grp" type="STRING" size="256"/>
        <Column id="p_code_cd" type="STRING" size="256"/>
        <Column id="p_sub_cd1" type="STRING" size="256"/>
        <Column id="p_sub_cd2" type="STRING" size="256"/>
        <Column id="p_sub_cd3" type="STRING" size="256"/>
        <Column id="p_sub_cd4" type="STRING" size="256"/>
        <Column id="p_sub_cd5" type="STRING" size="256"/>
        <Column id="p_user_id" type="STRING" size="256"/>
      </ColumnInfo>
    </Dataset>
    <Dataset id="gds_Language" useclientlayout="true">
      <ColumnInfo>
        <Column id="DEFAULT_LANG" type="STRING" size="256"/>
        <Column id="LANGUAGE" type="STRING" size="256"/>
        <Column id="MSG_TYPE" type="STRING" size="256"/>
      </ColumnInfo>
    </Dataset>
    <Dataset id="gds_QmeLogonInfo_in">
      <ColumnInfo>
        <Column id="p_user_id" type="STRING" size="256"/>
      </ColumnInfo>
    </Dataset>
    <Dataset id="gds_Language_in">
      <ColumnInfo>
        <Column id="p_country_cd" type="STRING" size="256"/>
      </ColumnInfo>
    </Dataset>
    <Dataset id="gds_Lang">
      <ColumnInfo>
        <Column id="DEFAULT_LANG" type="STRING" size="256"/>
        <Column id="LANG_KO" type="STRING" size="256"/>
        <Column id="LANG_VI" type="STRING" size="256"/>
        <Column id="LANG_ID" type="STRING" size="256"/>
      </ColumnInfo>
      <Rows>
        <Row>
          <Col id="DEFAULT_LANG">msg.err.validator.length</Col>
          <Col id="LANG_KO">{0} 의 입력값은 {1} 자리이어야 합니다. </Col>
        </Row>
        <Row>
          <Col id="DEFAULT_LANG">msg.err.validator.rangelength</Col>
          <Col id="LANG_KO">msg.err.validator.rangelength </Col>
        </Row>
        <Row>
          <Col id="DEFAULT_LANG">msg.err.validator.maxlength</Col>
          <Col id="LANG_KO">msg.err.validator.maxlength </Col>
        </Row>
        <Row>
          <Col id="DEFAULT_LANG">msg.err.validator.minlength</Col>
          <Col id="LANG_KO">msg.err.validator.minlength </Col>
        </Row>
        <Row>
          <Col id="DEFAULT_LANG">msg.err.validator.maxlength</Col>
          <Col id="LANG_KO">msg.err.validator.maxlength </Col>
        </Row>
        <Row>
          <Col id="DEFAULT_LANG">msg.err.validator.minlength</Col>
          <Col id="LANG_KO">msg.err.validator.minlength </Col>
        </Row>
        <Row>
          <Col id="DEFAULT_LANG">msg.err.validator.digits</Col>
          <Col id="LANG_KO">{0} 은(는) 숫자만 입력 가능합니다. </Col>
        </Row>
        <Row>
          <Col id="DEFAULT_LANG">msg.err.validator.min</Col>
          <Col id="LANG_KO">{0} 은(는) {1} 이상의 숫자만 입력 가능합니다. </Col>
        </Row>
        <Row>
          <Col id="DEFAULT_LANG">msg.err.validator.max</Col>
          <Col id="LANG_KO">{0} 은(는) {1} 이하의 숫자만 입력 가능합니다. </Col>
        </Row>
        <Row>
          <Col id="DEFAULT_LANG">msg.err.validator.declimit</Col>
          <Col id="LANG_KO">{0} 은(는) 소숫점 {1} 자리로 구성되어야 합니다. </Col>
        </Row>
        <Row>
          <Col id="DEFAULT_LANG">msg.err.validator.date</Col>
          <Col id="LANG_KO">{0} 은(는) 유효하지 않은 날짜 형식입니다. </Col>
        </Row>
        <Row>
          <Col id="DEFAULT_LANG">msg.err.validator.dateym</Col>
          <Col id="LANG_KO">msg.err.validator.dateym </Col>
        </Row>
        <Row>
          <Col id="DEFAULT_LANG">msg.err.validator.range</Col>
          <Col id="LANG_KO">msg.err.validator.range </Col>
        </Row>
        <Row>
          <Col id="DEFAULT_LANG">msg.err.validator.code</Col>
          <Col id="LANG_KO">msg.err.validator.code </Col>
        </Row>
        <Row>
          <Col id="DEFAULT_LANG">msg.err.validator.equalto</Col>
          <Col id="LANG_KO">msg.err.validator.equalto </Col>
        </Row>
        <Row>
          <Col id="DEFAULT_LANG">msg.err.validator.fromto</Col>
          <Col id="LANG_KO">{0} 의 날짜가 {1} 의 날짜보다 작습니다. </Col>
        </Row>
        <Row>
          <Col id="DEFAULT_LANG">msg.err.validator.comparebig</Col>
          <Col id="LANG_KO">{0} 이(가) {1} 보다 작습니다. </Col>
        </Row>
        <Row>
          <Col id="DEFAULT_LANG">msg.err.validator.comparesmall</Col>
          <Col id="LANG_KO">{0} 이(가) {1} 보다 큽니다. </Col>
        </Row>
        <Row>
          <Col id="DEFAULT_LANG">msg.err.validator.ssn</Col>
          <Col id="LANG_KO">{0} 은(는) 올바른 주민번호가 아닙니다. </Col>
        </Row>
        <Row>
          <Col id="DEFAULT_LANG">msg.err.validator.email</Col>
          <Col id="LANG_KO">msg.err.validator.email </Col>
        </Row>
        <Row>
          <Col id="DEFAULT_LANG">msg.err.validator.required</Col>
          <Col id="LANG_KO">{0} 은(는) 필수 입력 항목입니다. </Col>
        </Row>
        <Row>
          <Col id="DEFAULT_LANG">msg.err.validator</Col>
          <Col id="LANG_KO">{0}</Col>
          <Col id="LANG_VI">{0}</Col>
          <Col id="LANG_ID">{0}</Col>
        </Row>
        <Row>
          <Col id="DEFAULT_LANG">msg</Col>
          <Col id="LANG_KO">{0}</Col>
          <Col id="LANG_VI">{0}</Col>
          <Col id="LANG_ID">{0}</Col>
        </Row>
        <Row>
          <Col id="DEFAULT_LANG">msg.err.validator.selectrow</Col>
          <Col id="LANG_KO">Please select save data</Col>
          <Col id="LANG_VI">Please select save data</Col>
          <Col id="LANG_ID">Please select save data</Col>
        </Row>
        <Row>
          <Col id="DEFAULT_LANG">msg.err.callback</Col>
          <Col id="LANG_KO">Transaction error</Col>
          <Col id="LANG_VI">Transaction error</Col>
          <Col id="LANG_ID">Transaction error</Col>
        </Row>
        <Row>
          <Col id="DEFAULT_LANG">아이디 </Col>
          <Col id="LANG_KO">ID</Col>
        </Row>
        <Row>
          <Col id="DEFAULT_LANG">popup.salesorder</Col>
          <Col id="LANG_KO">판매오더검색</Col>
        </Row>
        <Row>
          <Col id="DEFAULT_LANG">popup.material</Col>
          <Col id="LANG_KO">자재검색</Col>
        </Row>
        <Row>
          <Col id="DEFAULT_LANG">popup.style</Col>
          <Col id="LANG_KO">스타일검색</Col>
        </Row>
        <Row>
          <Col id="DEFAULT_LANG">popup.vendor</Col>
          <Col id="LANG_KO">공급처검색</Col>
        </Row>
        <Row>
          <Col id="DEFAULT_LANG">popup.purchaseorder</Col>
          <Col id="LANG_KO">구매오더검색</Col>
        </Row>
        <Row>
          <Col id="DEFAULT_LANG">popup.multiselect</Col>
          <Col id="LANG_KO">멀티선택</Col>
          <Col id="LANG_VI"/>
        </Row>
        <Row>
          <Col id="DEFAULT_LANG">popup.SaveLayout</Col>
          <Col id="LANG_KO">레이아웃저장</Col>
          <Col id="LANG_VI">Save Layout</Col>
          <Col id="LANG_ID">Save Layout</Col>
        </Row>
        <Row>
          <Col id="DEFAULT_LANG">msg.server.error</Col>
          <Col id="LANG_KO">Transaction Server Error{0}</Col>
          <Col id="LANG_VI">Transaction Server Error{0}</Col>
          <Col id="LANG_ID">Transaction Server Error{0}</Col>
        </Row>
        <Row>
          <Col id="DEFAULT_LANG">msg.db.error</Col>
          <Col id="LANG_KO">DB Server Error{0}</Col>
          <Col id="LANG_VI">DB Server Error{0}</Col>
          <Col id="LANG_ID">DB Server Error{0}</Col>
        </Row>
        <Row>
          <Col id="LANG_KO">Save successfully.{0}</Col>
          <Col id="DEFAULT_LANG">msg.success</Col>
          <Col id="LANG_VI">Save successfully.{0}</Col>
          <Col id="LANG_ID">Save successfully.{0}</Col>
        </Row>
        <Row>
          <Col id="DEFAULT_LANG">msg.checkMessage</Col>
          <Col id="LANG_KO">Please Check Message!</Col>
          <Col id="LANG_VI">Please Check Message!</Col>
          <Col id="LANG_ID">Please Check Message!</Col>
        </Row>
        <Row>
          <Col id="DEFAULT_LANG">msg.NoPoCreated</Col>
          <Col id="LANG_KO">Po NOT Created</Col>
          <Col id="LANG_VI">Po NOT Created</Col>
          <Col id="LANG_ID">Po NOT Created</Col>
        </Row>
      </Rows>
    </Dataset>
    <Dataset id="gds_SearchConditionType">
      <ColumnInfo>
        <Column id="TypeCode" type="STRING" size="256"/>
        <Column id="PopupUrl" type="STRING" size="256"/>
        <Column id="PopupTitle" type="STRING" size="256"/>
      </ColumnInfo>
      <Rows>
        <Row>
          <Col id="TypeCode">SalesOrderNo</Col>
          <Col id="PopupUrl">Popup::PopupSalesOrder.xfdl</Col>
          <Col id="PopupTitle">popup.salesorder</Col>
        </Row>
        <Row>
          <Col id="TypeCode">StyleNo</Col>
          <Col id="PopupUrl">Popup::PopupStyle.xfdl</Col>
          <Col id="PopupTitle">popup.style</Col>
        </Row>
        <Row>
          <Col id="TypeCode">VendorCode</Col>
          <Col id="PopupUrl">Popup::PopupVendor.xfdl</Col>
          <Col id="PopupTitle">popup.vendor</Col>
        </Row>
        <Row>
          <Col id="TypeCode">MaterialCode</Col>
          <Col id="PopupUrl">Popup::PopupMaterial.xfdl</Col>
          <Col id="PopupTitle">popup.material</Col>
        </Row>
        <Row>
          <Col id="TypeCode">PurchaseOrderNo</Col>
          <Col id="PopupUrl">Popup::PopupPurchaseOrder.xfdl</Col>
          <Col id="PopupTitle">popup.purchaseorder</Col>
        </Row>
        <Row>
          <Col id="TypeCode">MultiSelect</Col>
          <Col id="PopupUrl">Popup::PopupMultiSelect.xfdl</Col>
          <Col id="PopupTitle">popup.multiselect</Col>
        </Row>
      </Rows>
    </Dataset>
    <Dataset id="gds_FormatInDs">
      <ColumnInfo>
        <Column id="PROGRAM_ID" type="STRING" size="256"/>
        <Column id="GRID_ID" type="STRING" size="256"/>
        <Column id="DEFAULT_YN" type="STRING" size="256"/>
        <Column id="DEL_YN" type="STRING" size="256"/>
        <Column id="USER_ID" type="STRING" size="256"/>
      </ColumnInfo>
    </Dataset>
    <Dataset id="gds_TrcInfo">
      <ColumnInfo>
        <Column id="ROW_CHK" type="STRING" size="256"/>
        <Column id="TrcSeq" type="STRING" size="256"/>
        <Column id="TrcName" type="STRING" size="256"/>
        <Column id="TrcId" type="STRING" size="256"/>
        <Column id="Comments" type="STRING" size="256"/>
      </ColumnInfo>
      <Rows>
        <Row>
          <Col id="TrcId">cmmGridAddDelButton.xfdl.btn_del_onclick</Col>
          <Col id="TrcName"/>
          <Col id="TrcSeq">10</Col>
          <Col id="Comments"/>
          <Col id="ROW_CHK"/>
        </Row>
        <Row>
          <Col id="TrcSeq">20</Col>
          <Col id="TrcId">cmmGridAddDelButton.xfdl.fn_deleteRow</Col>
          <Col id="TrcName"/>
          <Col id="Comments"/>
          <Col id="ROW_CHK"/>
        </Row>
        <Row>
          <Col id="TrcId">cmmGridAddDelButton.xfdl.fn_SaveLayoutPopup</Col>
          <Col id="TrcName"/>
          <Col id="TrcSeq">30</Col>
          <Col id="Comments"/>
          <Col id="ROW_CHK"/>
        </Row>
        <Row>
          <Col id="TrcId">cmmGridAddDelButton.xjs.btn_GridFormat_onclick</Col>
          <Col id="TrcName"/>
          <Col id="TrcSeq">40</Col>
          <Col id="Comments"/>
          <Col id="ROW_CHK"/>
        </Row>
        <Row>
          <Col id="TrcId">cmmGridFilterButton.xfdl.fn_SaveLayoutPopup</Col>
          <Col id="TrcName">그리드필터버튼(공통폼)</Col>
          <Col id="TrcSeq">50</Col>
          <Col id="Comments"/>
          <Col id="ROW_CHK"/>
        </Row>
        <Row>
          <Col id="TrcId">cmmGridFilterButton.xfdl.form_onload</Col>
          <Col id="TrcSeq">60</Col>
          <Col id="TrcName">그리드필터버튼-온로드</Col>
          <Col id="Comments"/>
          <Col id="ROW_CHK"/>
        </Row>
        <Row>
          <Col id="TrcId">cmmFormatMenuButton.xjs.btn_GridFormat_onclick</Col>
          <Col id="TrcName">포맷버튼클릭</Col>
          <Col id="Comments">사용자화버튼</Col>
          <Col id="TrcSeq">66</Col>
          <Col id="ROW_CHK"/>
        </Row>
        <Row>
          <Col id="TrcId">Comm_CalFromTo.xfdl.ds_FromTo_oncolumnchanged</Col>
          <Col id="TrcName"/>
          <Col id="TrcSeq">70</Col>
          <Col id="Comments"/>
          <Col id="ROW_CHK"/>
        </Row>
        <Row>
          <Col id="TrcId">Comm_CalFromTo.xfdl.fn_parentDsChanged</Col>
          <Col id="TrcSeq">80</Col>
          <Col id="TrcName">달력온컬럼체인지드</Col>
          <Col id="Comments"/>
          <Col id="ROW_CHK"/>
        </Row>
        <Row>
          <Col id="TrcName"/>
          <Col id="TrcId">Comm_CalFromTo.xfdl.form_onload</Col>
          <Col id="TrcSeq">90</Col>
          <Col id="Comments"/>
          <Col id="ROW_CHK"/>
        </Row>
        <Row>
          <Col id="TrcSeq">100</Col>
          <Col id="TrcId">Comm_CnC.xfdl.btn_ok_onclick</Col>
          <Col id="TrcName"/>
          <Col id="Comments"/>
          <Col id="ROW_CHK"/>
        </Row>
        <Row>
          <Col id="TrcSeq">110</Col>
          <Col id="TrcName"/>
          <Col id="TrcId">Comm_CnC.xfdl.fn_reset</Col>
          <Col id="Comments"/>
          <Col id="ROW_CHK"/>
        </Row>
        <Row>
          <Col id="TrcSeq">120</Col>
          <Col id="TrcName">셋그리드</Col>
          <Col id="TrcId">Comm_ColumnHide.xfdl.fn_setGrd</Col>
          <Col id="Comments"/>
          <Col id="ROW_CHK"/>
        </Row>
        <Row>
          <Col id="TrcSeq">130</Col>
          <Col id="TrcId">Comm_ColumnHide.xfdl.form_onload</Col>
          <Col id="TrcName">숨기기/보이기팝업</Col>
          <Col id="Comments"/>
          <Col id="ROW_CHK"/>
        </Row>
        <Row>
          <Col id="TrcSeq">132</Col>
          <Col id="TrcName">검색조건콤보-온로드</Col>
          <Col id="TrcId">Comm_ComboConditionFromTo.xfdl.form_onload</Col>
          <Col id="Comments"/>
          <Col id="ROW_CHK"/>
        </Row>
        <Row>
          <Col id="TrcSeq">140</Col>
          <Col id="TrcId">Comm_CrudButton.btnCrud_onclick</Col>
          <Col id="TrcName"/>
          <Col id="Comments"/>
          <Col id="ROW_CHK"/>
        </Row>
        <Row>
          <Col id="TrcSeq">150</Col>
          <Col id="TrcName"/>
          <Col id="TrcId">Comm_CrudButton.fn_setButtonVisEna</Col>
          <Col id="Comments"/>
          <Col id="ROW_CHK"/>
        </Row>
        <Row>
          <Col id="TrcSeq">160</Col>
          <Col id="TrcName"/>
          <Col id="TrcId">Comm_CrudButton.form_onload</Col>
          <Col id="Comments"/>
          <Col id="ROW_CHK"/>
        </Row>
        <Row>
          <Col id="TrcSeq">170</Col>
          <Col id="TrcId">Comm_GridAddDelButton.form_onload</Col>
          <Col id="TrcName"/>
          <Col id="Comments"/>
          <Col id="ROW_CHK"/>
        </Row>
        <Row>
          <Col id="TrcSeq">180</Col>
          <Col id="TrcId">Comm_GridFilter.xfdl.btn_filter_onclick</Col>
          <Col id="TrcName">필터적용 버튼</Col>
          <Col id="Comments"/>
          <Col id="ROW_CHK"/>
        </Row>
        <Row>
          <Col id="TrcSeq">190</Col>
          <Col id="TrcId">Comm_SearchConditionFromTo.xfdl.div_search_btn_onclick</Col>
          <Col id="TrcName"/>
          <Col id="Comments"/>
          <Col id="ROW_CHK"/>
        </Row>
        <Row>
          <Col id="TrcSeq">200</Col>
          <Col id="TrcId">Comm_SearchConditionFromTo.xfdl.ds_FromTo_oncolumnchanged</Col>
          <Col id="TrcName"/>
          <Col id="Comments"/>
          <Col id="ROW_CHK"/>
        </Row>
        <Row>
          <Col id="TrcId">Comm_SearchConditionFromTo.xfdl.EditFrom_onchanged</Col>
          <Col id="TrcName"/>
          <Col id="TrcSeq">210</Col>
          <Col id="Comments"/>
          <Col id="ROW_CHK"/>
        </Row>
        <Row>
          <Col id="TrcId">Comm_SearchConditionFromTo.xfdl.fn_parentDsChanged</Col>
          <Col id="TrcName">조건온컬럼체인지드</Col>
          <Col id="TrcSeq">220</Col>
          <Col id="Comments"/>
          <Col id="ROW_CHK"/>
        </Row>
        <Row>
          <Col id="TrcId">Comm_SearchConditionFromTo.xfdl.fn_popupCallback</Col>
          <Col id="TrcSeq">230</Col>
          <Col id="Comments"/>
          <Col id="ROW_CHK"/>
        </Row>
        <Row>
          <Col id="TrcId">Comm_SearchConditionFromTo.xfdl.form_onload</Col>
          <Col id="TrcName"/>
          <Col id="TrcSeq">240</Col>
          <Col id="Comments"/>
          <Col id="ROW_CHK"/>
        </Row>
        <Row>
          <Col id="TrcId">Comm_SubSum.xfdl.btn_ok_onclick</Col>
          <Col id="TrcName"/>
          <Col id="TrcSeq">250</Col>
          <Col id="Comments"/>
          <Col id="ROW_CHK"/>
        </Row>
        <Row>
          <Col id="TrcId">Comm_SubSum.xfdl.fn_getHeadTextAndBindingInfo</Col>
          <Col id="TrcName"/>
          <Col id="TrcSeq">260</Col>
          <Col id="Comments"/>
          <Col id="ROW_CHK"/>
        </Row>
        <Row>
          <Col id="TrcId">Comm_SubSum.xfdl.form_onload</Col>
          <Col id="TrcName"/>
          <Col id="TrcSeq">270</Col>
          <Col id="Comments"/>
          <Col id="ROW_CHK"/>
        </Row>
        <Row>
          <Col id="TrcId">Excel.xjs.gfn_excelExport</Col>
          <Col id="TrcName">엑셀 내보내기</Col>
          <Col id="TrcSeq">280</Col>
          <Col id="Comments"/>
          <Col id="ROW_CHK"/>
        </Row>
        <Row>
          <Col id="TrcId">Form_Work.xfdl.Button_onclick</Col>
          <Col id="TrcName"/>
          <Col id="TrcSeq">290</Col>
          <Col id="Comments"/>
          <Col id="ROW_CHK"/>
        </Row>
        <Row>
          <Col id="TrcId">Frame.xjs.gfn_setLanguage</Col>
          <Col id="TrcName"/>
          <Col id="TrcSeq">300</Col>
          <Col id="Comments"/>
          <Col id="ROW_CHK"/>
        </Row>
        <Row>
          <Col id="TrcId">Grid.xjs._getGridUserProperty</Col>
          <Col id="TrcSeq">310</Col>
          <Col id="Comments"/>
          <Col id="ROW_CHK"/>
        </Row>
        <Row>
          <Col id="TrcId">Grid.xjs._getUniqueId</Col>
          <Col id="TrcName">그리드의 유니크 아이디 가져오기</Col>
          <Col id="TrcSeq">320</Col>
          <Col id="Comments"/>
          <Col id="ROW_CHK"/>
        </Row>
        <Row>
          <Col id="TrcId">Grid.xjs._gfn_getRowType</Col>
          <Col id="TrcName"/>
          <Col id="TrcSeq">330</Col>
          <Col id="Comments"/>
          <Col id="ROW_CHK"/>
        </Row>
        <Row>
          <Col id="TrcId">Grid.xjs._gfnGridAddProp</Col>
          <Col id="TrcName">userproperties , arrProp[i]값에 따라 sort--&gt;objGrid.sort = 'true'--실행</Col>
          <Col id="TrcSeq">340</Col>
          <Col id="Comments"/>
          <Col id="ROW_CHK"/>
        </Row>
        <Row>
          <Col id="TrcId">Grid.xjs._gfnGridcellFix</Col>
          <Col id="TrcSeq">350</Col>
          <Col id="Comments"/>
          <Col id="ROW_CHK"/>
        </Row>
        <Row>
          <Col id="TrcId">Grid.xjs._gfnGridCheckboxNoStatusAdd</Col>
          <Col id="TrcSeq">360</Col>
          <Col id="Comments"/>
          <Col id="ROW_CHK"/>
        </Row>
        <Row>
          <Col id="TrcId">Grid.xjs._gfnGridColHideShow</Col>
          <Col id="TrcSeq">370</Col>
          <Col id="Comments"/>
          <Col id="ROW_CHK"/>
        </Row>
        <Row>
          <Col id="TrcId">Grid.xjs._gfnGridFilter</Col>
          <Col id="TrcSeq">380</Col>
          <Col id="Comments"/>
          <Col id="TrcName">필터설정</Col>
          <Col id="ROW_CHK"/>
        </Row>
        <Row>
          <Col id="TrcId">Grid.xjs._gfnGridPasteEvent</Col>
          <Col id="TrcSeq">390</Col>
          <Col id="Comments"/>
          <Col id="ROW_CHK"/>
        </Row>
        <Row>
          <Col id="TrcId">Grid.xjs._gfnGridSetCssclass</Col>
          <Col id="TrcSeq">400</Col>
          <Col id="Comments"/>
          <Col id="TrcName">틀고정 행 실행/해제</Col>
          <Col id="ROW_CHK"/>
        </Row>
        <Row>
          <Col id="TrcId">Grid.xjs._gfnHeadCheckSelectAll</Col>
          <Col id="TrcSeq">410</Col>
          <Col id="Comments"/>
          <Col id="TrcName">-체크박스 : 전체선택 / 전체해제)</Col>
          <Col id="ROW_CHK"/>
        </Row>
        <Row>
          <Col id="TrcId">Grid.xjs._gfnMakeGridPopupMenu</Col>
          <Col id="TrcSeq">420</Col>
          <Col id="Comments"/>
          <Col id="TrcName">우클릭 팝업메뉴</Col>
          <Col id="ROW_CHK"/>
        </Row>
        <Row>
          <Col id="TrcId">Grid.xjs.gfn_grid_onheadclick</Col>
          <Col id="TrcSeq">430</Col>
          <Col id="Comments"/>
          <Col id="TrcName">그리드 헤드 클릭 (체크박스 : 전체선택 / 일반 : 정렬)</Col>
          <Col id="ROW_CHK"/>
        </Row>
        <Row>
          <Col id="TrcId">Grid.xjs.gfn_grid_onrbuttondown</Col>
          <Col id="TrcSeq">440</Col>
          <Col id="Comments"/>
          <Col id="TrcName">그리드 우클릭 이벤트</Col>
          <Col id="ROW_CHK"/>
        </Row>
        <Row>
          <Col id="TrcId">Grid.xjs.gfn_multiDatasetAdded</Col>
          <Col id="TrcSeq">450</Col>
          <Col id="Comments"/>
          <Col id="ROW_CHK"/>
        </Row>
        <Row>
          <Col id="TrcId">Grid.xjs.gfn_multiDatasetChanged</Col>
          <Col id="TrcSeq">460</Col>
          <Col id="Comments"/>
          <Col id="ROW_CHK"/>
        </Row>
        <Row>
          <Col id="TrcId">Grid.xjs.gfn_popupmenu_onmenuclick</Col>
          <Col id="TrcSeq">470</Col>
          <Col id="Comments"/>
          <Col id="TrcName">우클릭 팝업메뉴--메뉴클릭시</Col>
          <Col id="ROW_CHK"/>
        </Row>
        <Row>
          <Col id="TrcId">Grid.xjs.gfn_setGrid</Col>
          <Col id="TrcSeq">480</Col>
          <Col id="Comments"/>
          <Col id="TrcName">그리드 세팅</Col>
          <Col id="ROW_CHK"/>
        </Row>
        <Row>
          <Col id="TrcId">Grid.xjs.gfn_setGrid.timeCheck</Col>
          <Col id="TrcSeq">480</Col>
          <Col id="Comments"/>
          <Col id="TrcName">그리드세팅-타임체크</Col>
          <Col id="ROW_CHK"/>
        </Row>
        <Row>
          <Col id="TrcId">Grid.xjs.gfn_setGrdDic</Col>
          <Col id="TrcName">딕셔너리세팅</Col>
          <Col id="Comments"/>
          <Col id="TrcSeq">490</Col>
          <Col id="ROW_CHK"/>
        </Row>
        <Row>
          <Col id="TrcId">Grid.xjs.gfn_setGrdDic.bindHeaderText</Col>
          <Col id="TrcSeq">491</Col>
          <Col id="Comments"/>
          <Col id="TrcName">바인드명을헤더텍스트로</Col>
          <Col id="ROW_CHK"/>
        </Row>
        <Row>
          <Col id="TrcSeq">492</Col>
          <Col id="TrcName">경과시간체크</Col>
          <Col id="TrcId">Grid.xjs.gfn_setGrdDic.elapsedTime</Col>
          <Col id="Comments"/>
          <Col id="ROW_CHK"/>
        </Row>
        <Row>
          <Col id="TrcSeq">493</Col>
          <Col id="TrcName">전체경과시간체크</Col>
          <Col id="TrcId">Grid.xjs.gfn_setGrdDic.totalElapsedTime</Col>
          <Col id="Comments"/>
          <Col id="ROW_CHK"/>
        </Row>
        <Row>
          <Col id="TrcId">gtrace_191224_ColumnHide</Col>
          <Col id="TrcSeq">500</Col>
          <Col id="Comments"/>
          <Col id="TrcName">우클릭메뉴(컬럼 숨기기/보이기)</Col>
          <Col id="ROW_CHK"/>
        </Row>
        <Row>
          <Col id="TrcId">gtrace_191225_ExcelExport</Col>
          <Col id="TrcSeq">510</Col>
          <Col id="Comments"/>
          <Col id="TrcName">엑셀내보내기</Col>
          <Col id="ROW_CHK"/>
        </Row>
        <Row>
          <Col id="TrcId">gtrace_191226_CommCodeSetting</Col>
          <Col id="TrcSeq">520</Col>
          <Col id="Comments"/>
          <Col id="TrcName">초기데이터모두가져오기</Col>
          <Col id="ROW_CHK"/>
        </Row>
        <Row>
          <Col id="TrcId">gtrace_191229_Comm_ComboConditionFromTo</Col>
          <Col id="TrcSeq">530</Col>
          <Col id="Comments"/>
          <Col id="TrcName">콤보조건공통화_From_To</Col>
          <Col id="ROW_CHK"/>
        </Row>
        <Row>
          <Col id="TrcId">gtrace_191230_Comm_MultiCombo</Col>
          <Col id="TrcSeq">540</Col>
          <Col id="Comments"/>
          <Col id="TrcName">멀티콤보</Col>
          <Col id="ROW_CHK"/>
        </Row>
        <Row>
          <Col id="TrcId">gtrace_200104_cmmSearchConditionFromTo</Col>
          <Col id="TrcSeq">550</Col>
          <Col id="Comments"/>
          <Col id="TrcName">팝업조건공통화_From_To</Col>
          <Col id="ROW_CHK"/>
        </Row>
        <Row>
          <Col id="TrcId">gtrace_200107_cmmGridFilterButton</Col>
          <Col id="TrcSeq">560</Col>
          <Col id="Comments"/>
          <Col id="TrcName">그리드필터버튼클릭</Col>
          <Col id="ROW_CHK"/>
        </Row>
        <Row>
          <Col id="TrcId">gtrace_gfn_getParentForm</Col>
          <Col id="TrcSeq">570</Col>
          <Col id="Comments"/>
          <Col id="TrcName">부모폼가져오기(gfn_getParentForm)</Col>
          <Col id="ROW_CHK"/>
        </Row>
        <Row>
          <Col id="TrcId">Message.xjs.gfn_alert</Col>
          <Col id="TrcSeq">580</Col>
          <Col id="Comments"/>
          <Col id="ROW_CHK"></Col>
        </Row>
        <Row>
          <Col id="TrcId">Order_recap.xfdl.fn_reset</Col>
          <Col id="TrcSeq">590</Col>
          <Col id="Comments">오더리캡</Col>
          <Col id="TrcName">오더리캡_리셋</Col>
          <Col id="ROW_CHK"/>
        </Row>
        <Row>
          <Col id="TrcId">POList.xfdl.Button_SortGroup_onclick</Col>
          <Col id="TrcSeq">600</Col>
          <Col id="Comments">PO</Col>
          <Col id="ROW_CHK"/>
        </Row>
        <Row>
          <Col id="TrcId">POList.xfdl.callbackFunction</Col>
          <Col id="TrcSeq">610</Col>
          <Col id="Comments">PO</Col>
          <Col id="ROW_CHK">1</Col>
          <Col id="TrcName">PO콜백</Col>
        </Row>
        <Row>
          <Col id="TrcId">POList.xfdl.callbackFunction.getPoListHistoryLoad</Col>
          <Col id="TrcSeq">620</Col>
          <Col id="Comments">PO</Col>
          <Col id="ROW_CHK"/>
          <Col id="TrcName">PO콜백-Search</Col>
        </Row>
        <Row>
          <Col id="TrcId">POList.xfdl.fn_reset</Col>
          <Col id="TrcSeq">630</Col>
          <Col id="Comments">PO</Col>
          <Col id="ROW_CHK"/>
          <Col id="TrcName">PO_리셋</Col>
        </Row>
        <Row>
          <Col id="TrcId">POList.xfdl.tfn_getPoListHistoryLoad</Col>
          <Col id="TrcSeq">640</Col>
          <Col id="Comments">PO</Col>
          <Col id="TrcName">POSearch트랜잭션</Col>
          <Col id="ROW_CHK"/>
        </Row>
        <Row>
          <Col id="TrcId">POList.xfdl.tfn_savePO</Col>
          <Col id="TrcSeq">650</Col>
          <Col id="Comments">PO</Col>
          <Col id="TrcName">PO저장트랜잭션</Col>
          <Col id="ROW_CHK"/>
        </Row>
        <Row>
          <Col id="TrcId">POList.xfdl.fn_TotalAmountCalc</Col>
          <Col id="ROW_CHK"/>
          <Col id="TrcSeq">652</Col>
          <Col id="TrcName">PO금액계산</Col>
          <Col id="Comments">PO</Col>
        </Row>
        <Row>
          <Col id="TrcId">PopupMultiSelect.xfdl.Form_onload</Col>
          <Col id="TrcSeq">660</Col>
          <Col id="Comments"/>
          <Col id="ROW_CHK"/>
        </Row>
        <Row>
          <Col id="TrcId">PopupMultiSelect.xfdl.grd_list_onexpandup</Col>
          <Col id="TrcSeq">670</Col>
          <Col id="Comments"/>
          <Col id="ROW_CHK"/>
        </Row>
        <Row>
          <Col id="TrcId">PopupSalesOrder.xfdl.btn_ok_onclick</Col>
          <Col id="TrcSeq">680</Col>
          <Col id="Comments"/>
          <Col id="ROW_CHK"/>
        </Row>
        <Row>
          <Col id="TrcId">PopupSalesOrder.xfdl.Form_onload</Col>
          <Col id="TrcSeq">690</Col>
          <Col id="Comments"/>
          <Col id="ROW_CHK"/>
        </Row>
        <Row>
          <Col id="TrcId">PopupSaveLayout.xfdl.callbackFunc_pop</Col>
          <Col id="TrcSeq">700</Col>
          <Col id="Comments">사용자화</Col>
          <Col id="ROW_CHK"/>
        </Row>
        <Row>
          <Col id="TrcId">PopupSaveLayout.xfdl.callbackFunction</Col>
          <Col id="TrcSeq">710</Col>
          <Col id="Comments">사용자화</Col>
          <Col id="ROW_CHK"/>
        </Row>
        <Row>
          <Col id="TrcSeq">712</Col>
          <Col id="TrcName">사용자화콜백-저장(FormSave)</Col>
          <Col id="TrcId">PopupSaveLayout.xfdl.callbackFunction.FormatSave</Col>
          <Col id="Comments">사용자화</Col>
          <Col id="ROW_CHK"/>
        </Row>
        <Row>
          <Col id="TrcId">PopupSaveLayout.xfdl.fn_reset</Col>
          <Col id="TrcSeq">720</Col>
          <Col id="Comments">사용자화</Col>
          <Col id="ROW_CHK"/>
        </Row>
        <Row>
          <Col id="TrcId">PopupSaveLayout.xfdl.Form_onload</Col>
          <Col id="TrcSeq">730</Col>
          <Col id="Comments">사용자화</Col>
          <Col id="ROW_CHK"/>
        </Row>
        <Row>
          <Col id="TrcId">PopupSaveLayout.xfdl.tfn_FormatSave</Col>
          <Col id="TrcSeq">740</Col>
          <Col id="Comments">사용자화</Col>
          <Col id="TrcName">포맺저장트랜잭션</Col>
          <Col id="ROW_CHK"/>
        </Row>
        <Row>
          <Col id="TrcId">PopupSaveLayout.xfdl.tfn_FormatSearch</Col>
          <Col id="TrcSeq">750</Col>
          <Col id="Comments">사용자화</Col>
          <Col id="ROW_CHK"/>
        </Row>
        <Row>
          <Col id="TrcId">QmeNexa.xjs.gfn_getArrComboSetStr</Col>
          <Col id="TrcSeq">760</Col>
          <Col id="Comments"/>
          <Col id="TrcName">공통코드문자열처리</Col>
          <Col id="ROW_CHK"/>
        </Row>
        <Row>
          <Col id="TrcId">QmeNexa.xjs.gfn_onloadSequence</Col>
          <Col id="TrcSeq">770</Col>
          <Col id="Comments"/>
          <Col id="TrcName">온로드시퀀스</Col>
          <Col id="ROW_CHK"/>
        </Row>
        <Row>
          <Col id="TrcId">QmeNexa.xjs.gfn_qmeRedirectMenu</Col>
          <Col id="ROW_CHK"></Col>
          <Col id="TrcSeq">772</Col>
          <Col id="TrcName">QME메뉴호출-리다이렉트</Col>
        </Row>
        <Row>
          <Col id="TrcId">Transaction.xjs.gfn_callback</Col>
          <Col id="TrcSeq">780</Col>
          <Col id="Comments"/>
          <Col id="ROW_CHK">1</Col>
        </Row>
        <Row>
          <Col id="TrcId">Transaction.xjs.gfn_transaction</Col>
          <Col id="TrcSeq">790</Col>
          <Col id="Comments"/>
          <Col id="ROW_CHK"/>
        </Row>
        <Row>
          <Col id="TrcId">Util_adh.xjs._getUserProperty</Col>
          <Col id="TrcSeq">800</Col>
          <Col id="Comments"/>
          <Col id="ROW_CHK"/>
        </Row>
        <Row>
          <Col id="TrcId">Util_adh.xjs.gfn_callbackFunction</Col>
          <Col id="TrcSeq">810</Col>
          <Col id="Comments"/>
          <Col id="ROW_CHK"/>
        </Row>
        <Row>
          <Col id="TrcId">Util_adh.xjs.gfn_commButtonAlignByVisible</Col>
          <Col id="TrcSeq">820</Col>
          <Col id="Comments"/>
          <Col id="ROW_CHK"/>
        </Row>
        <Row>
          <Col id="TrcId">Util_adh.xjs.gfn_getAllInitData</Col>
          <Col id="TrcSeq">830</Col>
          <Col id="Comments"/>
          <Col id="ROW_CHK"/>
        </Row>
        <Row>
          <Col id="TrcId">Util_adh.xjs.gfn_getParentForm</Col>
          <Col id="TrcSeq">840</Col>
          <Col id="Comments"/>
          <Col id="ROW_CHK"/>
        </Row>
        <Row>
          <Col id="TrcId">Util_adh.xjs.gfn_setUser</Col>
          <Col id="TrcSeq">850</Col>
          <Col id="Comments"/>
          <Col id="ROW_CHK"/>
        </Row>
        <Row>
          <Col id="TrcId">Util.xjs.gfn_SetFirstRow</Col>
          <Col id="TrcSeq">860</Col>
          <Col id="Comments"/>
          <Col id="TrcName">콤보첫줄삽입</Col>
          <Col id="ROW_CHK"/>
        </Row>
        <Row>
          <Col id="TrcId">Validation.xjs.gfn_clearValidation</Col>
          <Col id="TrcSeq">870</Col>
          <Col id="Comments"/>
          <Col id="ROW_CHK"/>
        </Row>
        <Row>
          <Col id="TrcId">Validation.xjs.gfn_setValidation</Col>
          <Col id="TrcSeq">880</Col>
          <Col id="Comments"/>
          <Col id="ROW_CHK"/>
        </Row>
        <Row>
          <Col id="TrcName"/>
          <Col id="TrcId">Validation.xjs.gfn_validation</Col>
          <Col id="TrcSeq">890</Col>
          <Col id="Comments"/>
          <Col id="ROW_CHK"/>
        </Row>
        <Row>
          <Col id="TrcId">Validation.xjs.gfn_validationCheckRule</Col>
          <Col id="TrcName"/>
          <Col id="TrcSeq">900</Col>
          <Col id="Comments"/>
          <Col id="ROW_CHK"/>
        </Row>
      </Rows>
    </Dataset>
    <Dataset id="gds_TrcOutputTxt">
      <ColumnInfo>
        <Column id="OutputTxt" type="STRING" size="256"/>
      </ColumnInfo>
      <Rows>
        <Row/>
      </Rows>
    </Dataset>
    <Dataset id="gds_FormatOutDs" useclientlayout="true">
      <ColumnInfo>
        <Column id="SEQ" type="STRING" size="256"/>
        <Column id="PROGRAM_ID" type="STRING" size="256"/>
        <Column id="GRID_ID" type="STRING" size="256"/>
        <Column id="USER_ID" type="STRING" size="256"/>
        <Column id="LAYOUT_NM" type="STRING" size="256"/>
        <Column id="DEFAULT_YN" type="STRING" size="256"/>
        <Column id="DEL_YN" type="STRING" size="256"/>
        <Column id="SaveUser" type="STRING" size="256"/>
        <Column id="RN" type="STRING" size="256"/>
        <Column id="DATA_1" type="STRING" size="256"/>
        <Column id="DATA_2" type="STRING" size="256"/>
        <Column id="DATA_3" type="STRING" size="256"/>
        <Column id="DATA_4" type="STRING" size="256"/>
        <Column id="DATA_5" type="STRING" size="256"/>
        <Column id="DATA_6" type="STRING" size="256"/>
        <Column id="DATA_7" type="STRING" size="256"/>
        <Column id="DATA_8" type="STRING" size="256"/>
        <Column id="DATA_9" type="STRING" size="256"/>
        <Column id="DATA_10" type="STRING" size="256"/>
      </ColumnInfo>
    </Dataset>
  </Datasets>
  <Variables>
    <Variable id="QmeLogonUserId"/>
    <Variable id="LanguageKey"/>
    <Variable id="MultiTxtSplitChar" initval="＾"/>
    <Variable id="TrcOutputTxt"/>
  </Variables>
</AppVariables>
