﻿<?xml version="1.0" encoding="utf-8"?>
<TypeDefinition version="2.3">
  <Modules>
    <Module url="CompBase.json"/>
    <Module url="ComComp.json"/>
    <Module url="Grid.json"/>
    <Module url="ListView.json"/>
    <Module url="DeviceAPI.json"/>
    <Module url="EcoLibrary.json"/>
    <Module url="HintsEduLib.json"/>
  </Modules>
  <Components>
    <Component type="JavaScript" id="Button" classname="nexacro.Button"/>
    <Component type="JavaScript" id="Combo" classname="nexacro.Combo"/>
    <Component type="JavaScript" id="Edit" classname="nexacro.Edit"/>
    <Component type="JavaScript" id="MaskEdit" classname="nexacro.MaskEdit"/>
    <Component type="JavaScript" id="TextArea" classname="nexacro.TextArea"/>
    <Component type="JavaScript" id="Static" classname="nexacro.Static"/>
    <Component type="JavaScript" id="Div" classname="nexacro.Div"/>
    <Component type="JavaScript" id="PopupDiv" classname="nexacro.PopupDiv"/>
    <Component type="JavaScript" id="Radio" classname="nexacro.Radio"/>
    <Component type="JavaScript" id="CheckBox" classname="nexacro.CheckBox"/>
    <Component type="JavaScript" id="ListBox" classname="nexacro.ListBox"/>
    <Component type="JavaScript" id="Grid" classname="nexacro.Grid"/>
    <Component type="JavaScript" id="Spin" classname="nexacro.Spin"/>
    <Component type="JavaScript" id="Menu" classname="nexacro.Menu"/>
    <Component type="JavaScript" id="PopupMenu" classname="nexacro.PopupMenu"/>
    <Component type="JavaScript" id="Tab" classname="nexacro.Tab"/>
    <Component type="JavaScript" id="GroupBox" classname="nexacro.GroupBox"/>
    <Component type="JavaScript" id="Calendar" classname="nexacro.Calendar"/>
    <Component type="JavaScript" id="ImageViewer" classname="nexacro.ImageViewer"/>
    <Component type="JavaScript" id="ProgressBar" classname="nexacro.ProgressBar"/>
    <Component type="JavaScript" id="Plugin" classname="nexacro.Plugin"/>
    <Component type="JavaScript" id="Dataset" classname="nexacro.NormalDataset"/>
    <Component type="JavaScript" id="ListView" classname="nexacro.ListView"/>
    <Component type="JavaScript" id="ExcelExportObject" classname="nexacro.ExcelExportObject"/>
    <Component type="JavaScript" id="ExcelImportObject" classname="nexacro.ExcelImportObject"/>
    <Component type="JavaScript" id="FileDialog" classname="nexacro.FileDialog"/>
    <Component type="JavaScript" id="FileDownTransfer" classname="nexacro.FileDownTransfer"/>
    <Component type="JavaScript" id="FileUpload" classname="nexacro.FileUpload"/>
    <Component type="JavaScript" id="FileUpTransfer" classname="nexacro.FileUpTransfer"/>
    <Component type="JavaScript" id="WebBrowser" classname="nexacro.WebBrowser"/>
  </Components>
  <Services>
    <Service prefixid="theme" type="resource" url="./_resource_/_theme_/" cachelevel="session" include_subdir="true"/>
    <Service prefixid="initvalue" type="resource" url="./_resource_/_initvalue_/" cachelevel="session" include_subdir="false"/>
    <Service prefixid="xcssrc" type="resource" url="./_resource_/_xcss_/" cachelevel="session" include_subdir="false"/>
    <Service prefixid="imagerc" type="resource" url="./_resource_/_images_/" cachelevel="session" include_subdir="true"/>
    <Service prefixid="font" type="resource" url="./_resource_/_font_/" version="0" communicationversion="0" cachelevel="session" include_subdir="false"/>
    <Service prefixid="Frame" type="form" url="./Frame/" cachelevel="session" version="0" communicationversion="0" include_subdir="false"/>
    <Service prefixid="Base" type="form" cachelevel="session" url="./Base/" version="0" communicationversion="0" include_subdir="false"/>
    <Service prefixid="Library" type="js" cachelevel="none" url="./Library/" version="0" communicationversion="0" include_subdir="false"/>
    <Service prefixid="HintsEduLib" type="js" cachelevel="none" url="./nexacro17lib/component/HintsEduLib/" version="0" communicationversion="0" include_subdir="false"/>
    <Service prefixid="Src_HintsEduLib" type="js" cachelevel="none" url="./Src_HintsEduLib/" version="0" communicationversion="0" include_subdir="false"/>
    <Service prefixid="Comm" type="form" cachelevel="session" url="./Comm/" version="0" communicationversion="0" include_subdir="false"/>
    <Service prefixid="Edu_Comm" type="form" cachelevel="session" url="./Edu/Comm/" version="0" communicationversion="0" include_subdir="false"/>
    <Service prefixid="Edu_Form" type="form" cachelevel="session" url="./Edu/Form/" version="0" communicationversion="0" include_subdir="false"/>
    <Service prefixid="Edu_Guide" type="form" cachelevel="session" url="./Edu/Guide/" version="0" communicationversion="0" include_subdir="false"/>
    <Service prefixid="Edu_Sample" type="form" cachelevel="session" url="./Edu/Sample/" version="0" communicationversion="0" include_subdir="false"/>
    <Service prefixid="Popup" type="form" cachelevel="session" url="./Popup/" version="0" communicationversion="0" include_subdir="false"/>
    <Service prefixid="ComComp" type="js" cachelevel="session" url="./nexacro17lib/component/ComComp/" version="0" communicationversion="0" include_subdir="false"/>
    <Service prefixid="GridFilter" type="form" cachelevel="none" url="./GridFilter/" version="0" communicationversion="0" include_subdir="false"/>
    <Service prefixid="Images" type="file" cachelevel="session" url="./Images/" version="0" communicationversion="0" include_subdir="false"/>
    <Service prefixid="Recycle" type="form" cachelevel="session" url="./Recycle/" version="0" communicationversion="0" include_subdir="false"/>
    <Service prefixid="QmeNexHtml" type="file" url="./QmeNexHtml/" version="0" cachelevel="session" include_subdir="false" communicationversion="0"/>
    <Service prefixid="AppSvrLocalMsSql" type="JSP" cachelevel="none" url="http://localhost:8080/QME/" version="0" communicationversion="0" include_subdir="false"/>
    <Service prefixid="ImgSvrTest" type="JSP" cachelevel="none" url="http://192.168.11.193:8081/ImageViewer.do?realFileNm=" version="0" communicationversion="0" include_subdir="false"/>
    <Service prefixid="AppSvr" type="JSP" cachelevel="none" url="http://nyc.panpacific.co.kr/QMEServer/" version="0" communicationversion="0" include_subdir="false"/>
    <Service prefixid="AppSvr_2" type="JSP" cachelevel="none" url="http://192.168.11.182/" version="0" communicationversion="0" include_subdir="false"/>
    <Service prefixid="AppSvr_3" type="JSP" cachelevel="none" url="http://203.229.231.124/" version="0" communicationversion="0" include_subdir="false"/>
    <Service prefixid="EcoLibrary" type="file" url="./EcoLibrary/" version="0" cachelevel="session" include_subdir="false" communicationversion="0"/>
  </Services>
  <Protocols/>
  <Update/>
</TypeDefinition>
